Sampling_date,Sampler,Exp,Plot,Chamber opacity,Year,Month,Day,Tr1,Tr2,Site,Code,Conduct_microS_cm,pH_soil,Temp_10_cm,Redox_pot,Time,,
2017-09-21,LLUIS,POS,P01,DRC,2017,9,21,WFL,ESI,R1,E:POS_P:P01_Tr1:WFL_Tr2:ESI_DRC_R1_D:21_M:09_Y:2017,1.34,,20.6,,,,
2017-09-21,LLUIS,POS,P01,DRC,2017,9,21,WFL,ESI,R2,E:POS_P:P01_Tr1:WFL_Tr2:ESI_DRC_R2_D:21_M:09_Y:2017,1.33,,20.7,,,,
2017-09-21,LLUIS,POS,P01,DRC,2017,9,21,WFL,ESI,R3,E:POS_P:P01_Tr1:WFL_Tr2:ESI_DRC_R3_D:21_M:09_Y:2017,1.26,,20.6,,,,
2017-09-21,LLUIS,POS,P01,DRC,2017,9,21,WFL,LSI,R1,E:POS_P:P01_Tr1:WFL_Tr2:LSI_DRC_R1_D:21_M:09_Y:2017,1.49,,20.7,,,,
2017-09-21,LLUIS,POS,P01,DRC,2017,9,21,WFL,LSI,R2,E:POS_P:P01_Tr1:WFL_Tr2:LSI_DRC_R2_D:21_M:09_Y:2017,1.48,,20.8,,,,
2017-09-21,LLUIS,POS,P01,DRC,2017,9,21,WFL,LSI,R3,E:POS_P:P01_Tr1:WFL_Tr2:LSI_DRC_R3_D:21_M:09_Y:2017,1.43,,20.8,,,,
2017-09-21,LLUIS,POS,P01,DRC,2017,9,21,NWF,ESI,R1,E:POS_P:P01_Tr1:NWF_Tr2:ESI_DRC_R1_D:21_M:09_Y:2017,1.06,,20.8,,,,
2017-09-21,LLUIS,POS,P01,DRC,2017,9,21,NWF,ESI,R2,E:POS_P:P01_Tr1:NWF_Tr2:ESI_DRC_R2_D:21_M:09_Y:2017,1.04,,20.8,,,,
2017-09-21,LLUIS,POS,P01,DRC,2017,9,21,NWF,ESI,R3,E:POS_P:P01_Tr1:NWF_Tr2:ESI_DRC_R3_D:21_M:09_Y:2017,1.22,,20.6,,,,
2017-09-21,LLUIS,POS,P01,DRC,2017,9,21,NWF,LSI,R1,E:POS_P:P01_Tr1:NWF_Tr2:LSI_DRC_R1_D:21_M:09_Y:2017,1.13,,21.1,,,,
2017-09-21,LLUIS,POS,P01,DRC,2017,9,21,NWF,LSI,R2,E:POS_P:P01_Tr1:NWF_Tr2:LSI_DRC_R2_D:21_M:09_Y:2017,1.22,,21.1,,,,
2017-09-21,LLUIS,POS,P01,DRC,2017,9,21,NWF,LSI,R3,E:POS_P:P01_Tr1:NWF_Tr2:LSI_DRC_R3_D:21_M:09_Y:2017,1.13,,21,,,,
2017-10-05,LLUIS,POS,P01,DRC,2017,10,5,WFL,ESI,R1,E:POS_P:P01_Tr1:WFL_Tr2:ESI_DRC_R1_D:05_M:10_Y:2017,1.45,7.17,21.9,165.8,1 entrada ,,
2017-10-05,LLUIS,POS,P01,DRC,2017,10,5,WFL,ESI,R2,E:POS_P:P01_Tr1:WFL_Tr2:ESI_DRC_R2_D:05_M:10_Y:2017,1.54,7.89,22.3,130.1,2 sortida,,
2017-10-05,LLUIS,POS,P01,DRC,2017,10,5,WFL,ESI,R3,E:POS_P:P01_Tr1:WFL_Tr2:ESI_DRC_R3_D:05_M:10_Y:2017,1.68,7.57,22.3,145.2,,,
2017-10-05,LLUIS,POS,P01,DRC,2017,10,5,WFL,LSI,R1,E:POS_P:P01_Tr1:WFL_Tr2:LSI_DRC_R1_D:05_M:10_Y:2017,1.43,7.38,23.4,182.5,,,
2017-10-05,LLUIS,POS,P01,DRC,2017,10,5,WFL,LSI,R2,E:POS_P:P01_Tr1:WFL_Tr2:LSI_DRC_R2_D:05_M:10_Y:2017,1.49,7.24,22.4,104.4,,,
2017-10-05,LLUIS,POS,P01,DRC,2017,10,5,WFL,LSI,R3,E:POS_P:P01_Tr1:WFL_Tr2:LSI_DRC_R3_D:05_M:10_Y:2017,1.38,7.19,22.1,152.6,,,
2017-10-05,LLUIS,POS,P01,DRC,2017,10,5,NWF,ESI,R1,E:POS_P:P01_Tr1:NWF_Tr2:ESI_DRC_R1_D:05_M:10_Y:2017,1.02,,22.8,,,,
2017-10-05,LLUIS,POS,P01,DRC,2017,10,5,NWF,ESI,R2,E:POS_P:P01_Tr1:NWF_Tr2:ESI_DRC_R2_D:05_M:10_Y:2017,1.1,,23,,,,
2017-10-05,LLUIS,POS,P01,DRC,2017,10,5,NWF,ESI,R3,E:POS_P:P01_Tr1:NWF_Tr2:ESI_DRC_R3_D:05_M:10_Y:2017,1.23,,22.8,,,,
2017-10-05,LLUIS,POS,P01,DRC,2017,10,5,NWF,LSI,R1,E:POS_P:P01_Tr1:NWF_Tr2:LSI_DRC_R1_D:05_M:10_Y:2017,1.36,,22.7,,,,
2017-10-05,LLUIS,POS,P01,DRC,2017,10,5,NWF,LSI,R2,E:POS_P:P01_Tr1:NWF_Tr2:LSI_DRC_R2_D:05_M:10_Y:2017,1.87,,22.8,,,,
2017-10-05,LLUIS,POS,P01,DRC,2017,10,5,NWF,LSI,R3,E:POS_P:P01_Tr1:NWF_Tr2:LSI_DRC_R3_D:05_M:10_Y:2017,1.23,,22.6,,,,
2017-10-06,ARTURO,POS,P01,DRC,2017,10,6,WFL,ESI,R1,E:POS_P:P01_Tr1:WFL_Tr2:ESI_DRC_R1_D:06_M:10_Y:2017,1.67,6.94,20.5,65.7,,,
2017-10-06,ARTURO,POS,P01,DRC,2017,10,6,WFL,ESI,R2,E:POS_P:P01_Tr1:WFL_Tr2:ESI_DRC_R2_D:06_M:10_Y:2017,1.63,7.04,20.9,49.5,,,
2017-10-06,ARTURO,POS,P01,DRC,2017,10,6,WFL,ESI,R3,E:POS_P:P01_Tr1:WFL_Tr2:ESI_DRC_R3_D:06_M:10_Y:2017,1.48,7.17,21.2,113.7,,,
2017-10-06,ARTURO,POS,P01,DRC,2017,10,6,WFL,LSI,R1,E:POS_P:P01_Tr1:WFL_Tr2:LSI_DRC_R1_D:06_M:10_Y:2017,1.37,7.05,21.8,38.8,,,
2017-10-06,ARTURO,POS,P01,DRC,2017,10,6,WFL,LSI,R2,E:POS_P:P01_Tr1:WFL_Tr2:LSI_DRC_R2_D:06_M:10_Y:2017,1.29,6.97,21.3,121.2,,,
2017-10-06,ARTURO,POS,P01,DRC,2017,10,6,WFL,LSI,R3,E:POS_P:P01_Tr1:WFL_Tr2:LSI_DRC_R3_D:06_M:10_Y:2017,1.63,7.04,21.2,44.4,,,
2017-10-06,ARTURO,POS,P01,DRC,2017,10,6,NWF,ESI,R1,E:POS_P:P01_Tr1:NWF_Tr2:ESI_DRC_R1_D:06_M:10_Y:2017,1.49,,20.3,,,,
2017-10-06,ARTURO,POS,P01,DRC,2017,10,6,NWF,ESI,R2,E:POS_P:P01_Tr1:NWF_Tr2:ESI_DRC_R2_D:06_M:10_Y:2017,1.21,,20.7,,,,
2017-10-06,ARTURO,POS,P01,DRC,2017,10,6,NWF,ESI,R3,E:POS_P:P01_Tr1:NWF_Tr2:ESI_DRC_R3_D:06_M:10_Y:2017,1.31,,20.8,,,,
2017-10-06,ARTURO,POS,P01,DRC,2017,10,6,NWF,LSI,R1,E:POS_P:P01_Tr1:NWF_Tr2:LSI_DRC_R1_D:06_M:10_Y:2017,1.29,,21.6,,,,
2017-10-06,ARTURO,POS,P01,DRC,2017,10,6,NWF,LSI,R2,E:POS_P:P01_Tr1:NWF_Tr2:LSI_DRC_R2_D:06_M:10_Y:2017,1.17,,20.9,,,,
2017-10-06,ARTURO,POS,P01,DRC,2017,10,6,NWF,LSI,R3,E:POS_P:P01_Tr1:NWF_Tr2:LSI_DRC_R3_D:06_M:10_Y:2017,1.17,,20.9,,,,
2017-10-20,LLUIS,POS,P01,DRC,2017,10,20,WFL,ESI,R1,E:POS_P:P01_Tr1:WFL_Tr2:ESI_DRC_R1_D:20_M:10_Y:2017,1.37,5.99,18,137,1 entrada ,,
2017-10-20,LLUIS,POS,P01,DRC,2017,10,20,WFL,ESI,R2,E:POS_P:P01_Tr1:WFL_Tr2:ESI_DRC_R2_D:20_M:10_Y:2017,1.47,5.79,18.3,136.3,2 sortida,MME(16/1/20): valors pH dubtosos,
2017-10-20,LLUIS,POS,P01,DRC,2017,10,20,WFL,ESI,R3,E:POS_P:P01_Tr1:WFL_Tr2:ESI_DRC_R3_D:20_M:10_Y:2017,1.53,5.25,17.8,137.1,,MME(16/1/20): valors pH dubtosos,
2017-10-20,LLUIS,POS,P01,DRC,2017,10,20,WFL,LSI,R1,E:POS_P:P01_Tr1:WFL_Tr2:LSI_DRC_R1_D:20_M:10_Y:2017,1.48,5.02,17.8,43.3,,MME(16/1/20): valors pH dubtosos,
2017-10-20,LLUIS,POS,P01,DRC,2017,10,20,WFL,LSI,R2,E:POS_P:P01_Tr1:WFL_Tr2:LSI_DRC_R2_D:20_M:10_Y:2017,1.45,5.1,18.1,99,,MME(16/1/20): valors pH dubtosos,
2017-10-20,LLUIS,POS,P01,DRC,2017,10,20,WFL,LSI,R3,E:POS_P:P01_Tr1:WFL_Tr2:LSI_DRC_R3_D:20_M:10_Y:2017,1.49,5.25,17.7,103,,MME(16/1/20): valors pH dubtosos,
2017-10-20,LLUIS,POS,P01,DRC,2017,10,20,NWF,ESI,R1,E:POS_P:P01_Tr1:NWF_Tr2:ESI_DRC_R1_D:20_M:10_Y:2017,1.47,7.37,17.2,8,,,
2017-10-20,LLUIS,POS,P01,DRC,2017,10,20,NWF,ESI,R2,E:POS_P:P01_Tr1:NWF_Tr2:ESI_DRC_R2_D:20_M:10_Y:2017,1.29,7.52,17.2,17.3,,,
2017-10-20,LLUIS,POS,P01,DRC,2017,10,20,NWF,ESI,R3,E:POS_P:P01_Tr1:NWF_Tr2:ESI_DRC_R3_D:20_M:10_Y:2017,1.43,7.54,17.3,12,,,
2017-10-20,LLUIS,POS,P01,DRC,2017,10,20,NWF,LSI,R1,E:POS_P:P01_Tr1:NWF_Tr2:LSI_DRC_R1_D:20_M:10_Y:2017,1.29,7.27,18.5,92.4,,,
2017-10-20,LLUIS,POS,P01,DRC,2017,10,20,NWF,LSI,R2,E:POS_P:P01_Tr1:NWF_Tr2:LSI_DRC_R2_D:20_M:10_Y:2017,1.22,7.24,17.7,16.7,,,
2017-10-20,LLUIS,POS,P01,DRC,2017,10,20,NWF,LSI,R3,E:POS_P:P01_Tr1:NWF_Tr2:LSI_DRC_R3_D:20_M:10_Y:2017,1.11,7.44,17.7,32.2,,,
2017-11-02,LLUIS,POS,P01,DRC,2017,11,2,WFL,ESI,R1,E:POS_P:P01_Tr1:WFL_Tr2:ESI_DRC_R1_D:02_M:11_Y:2017,1.46,7.02,18.4,165,,,
2017-11-02,LLUIS,POS,P01,DRC,2017,11,2,WFL,ESI,R2,E:POS_P:P01_Tr1:WFL_Tr2:ESI_DRC_R2_D:02_M:11_Y:2017,1.52,7.23,18.3,158,,,
2017-11-02,LLUIS,POS,P01,DRC,2017,11,2,WFL,ESI,R3,E:POS_P:P01_Tr1:WFL_Tr2:ESI_DRC_R3_D:02_M:11_Y:2017,1.15,7.32,18.3,124,,,
2017-11-02,LLUIS,POS,P01,DRC,2017,11,2,WFL,LSI,R1,E:POS_P:P01_Tr1:WFL_Tr2:LSI_DRC_R1_D:02_M:11_Y:2017,1.28,7.65,18.2,181,,,
2017-11-02,LLUIS,POS,P01,DRC,2017,11,2,WFL,LSI,R2,E:POS_P:P01_Tr1:WFL_Tr2:LSI_DRC_R2_D:02_M:11_Y:2017,1.4,7.57,17.9,145,,,
2017-11-02,LLUIS,POS,P01,DRC,2017,11,2,WFL,LSI,R3,E:POS_P:P01_Tr1:WFL_Tr2:LSI_DRC_R3_D:02_M:11_Y:2017,1.56,7.09,18,169,,,
2017-11-02,LLUIS,POS,P01,DRC,2017,11,2,NWF,ESI,R1,E:POS_P:P01_Tr1:NWF_Tr2:ESI_DRC_R1_D:02_M:11_Y:2017,1.38,,18,,,,
2017-11-02,LLUIS,POS,P01,DRC,2017,11,2,NWF,ESI,R2,E:POS_P:P01_Tr1:NWF_Tr2:ESI_DRC_R2_D:02_M:11_Y:2017,1.32,,17.9,,,,
2017-11-02,LLUIS,POS,P01,DRC,2017,11,2,NWF,ESI,R3,E:POS_P:P01_Tr1:NWF_Tr2:ESI_DRC_R3_D:02_M:11_Y:2017,1.36,,17.9,,,,
2017-11-02,LLUIS,POS,P01,DRC,2017,11,2,NWF,LSI,R1,E:POS_P:P01_Tr1:NWF_Tr2:LSI_DRC_R1_D:02_M:11_Y:2017,1.32,,18.4,,,,
2017-11-02,LLUIS,POS,P01,DRC,2017,11,2,NWF,LSI,R2,E:POS_P:P01_Tr1:NWF_Tr2:LSI_DRC_R2_D:02_M:11_Y:2017,1.41,,18.3,,,,
2017-11-02,LLUIS,POS,P01,DRC,2017,11,2,NWF,LSI,R3,E:POS_P:P01_Tr1:NWF_Tr2:LSI_DRC_R3_D:02_M:11_Y:2017,1.2,,18.2,,,,
2017-11-16,LLUIS,POS,P01,DRC,2017,11,16,WFL,ESI,R1,E:POS_P:P01_Tr1:WFL_Tr2:ESI_DRC_R1_D:16_M:11_Y:2017,1.17,,10.4,,,,
2017-11-16,LLUIS,POS,P01,DRC,2017,11,16,WFL,ESI,R2,E:POS_P:P01_Tr1:WFL_Tr2:ESI_DRC_R2_D:16_M:11_Y:2017,1.1,,10.1,,,,
2017-11-16,LLUIS,POS,P01,DRC,2017,11,16,WFL,ESI,R3,E:POS_P:P01_Tr1:WFL_Tr2:ESI_DRC_R3_D:16_M:11_Y:2017,1.14,,10.6,,,,
2017-11-16,LLUIS,POS,P01,DRC,2017,11,16,WFL,LSI,R1,E:POS_P:P01_Tr1:WFL_Tr2:LSI_DRC_R1_D:16_M:11_Y:2017,0.97,,10.9,,,,
2017-11-16,LLUIS,POS,P01,DRC,2017,11,16,WFL,LSI,R2,E:POS_P:P01_Tr1:WFL_Tr2:LSI_DRC_R2_D:16_M:11_Y:2017,0.9,,10.6,,,,
2017-11-16,LLUIS,POS,P01,DRC,2017,11,16,WFL,LSI,R3,E:POS_P:P01_Tr1:WFL_Tr2:LSI_DRC_R3_D:16_M:11_Y:2017,1.07,,10.6,,,,
2017-11-16,LLUIS,POS,P01,DRC,2017,11,16,NWF,ESI,R1,E:POS_P:P01_Tr1:NWF_Tr2:ESI_DRC_R1_D:16_M:11_Y:2017,1.23,,10.9,,,,
2017-11-16,LLUIS,POS,P01,DRC,2017,11,16,NWF,ESI,R2,E:POS_P:P01_Tr1:NWF_Tr2:ESI_DRC_R2_D:16_M:11_Y:2017,1.15,,10.7,,,,
2017-11-16,LLUIS,POS,P01,DRC,2017,11,16,NWF,ESI,R3,E:POS_P:P01_Tr1:NWF_Tr2:ESI_DRC_R3_D:16_M:11_Y:2017,1.21,,11.1,,,,
2017-11-16,LLUIS,POS,P01,DRC,2017,11,16,NWF,LSI,R1,E:POS_P:P01_Tr1:NWF_Tr2:LSI_DRC_R1_D:16_M:11_Y:2017,1.21,,11.2,,,,
2017-11-16,LLUIS,POS,P01,DRC,2017,11,16,NWF,LSI,R2,E:POS_P:P01_Tr1:NWF_Tr2:LSI_DRC_R2_D:16_M:11_Y:2017,1.2,,10.5,,,,
2017-11-16,LLUIS,POS,P01,DRC,2017,11,16,NWF,LSI,R3,E:POS_P:P01_Tr1:NWF_Tr2:LSI_DRC_R3_D:16_M:11_Y:2017,1.22,,10.8,,,,
2017-11-30,PEP,POS,P01,DRC,2017,11,30,WFL,ESI,R1,E:POS_P:P01_Tr1:WFL_Tr2:ESI_DRC_R1_D:30_M:11_Y:2017,1.23,7.44,8.8,135.6,,,
2017-11-30,PEP,POS,P01,DRC,2017,11,30,WFL,ESI,R2,E:POS_P:P01_Tr1:WFL_Tr2:ESI_DRC_R2_D:30_M:11_Y:2017,1.07,7.41,9.6,84.7,,,
2017-11-30,PEP,POS,P01,DRC,2017,11,30,WFL,ESI,R3,E:POS_P:P01_Tr1:WFL_Tr2:ESI_DRC_R3_D:30_M:11_Y:2017,1.17,7.4,9.1,109.8,,,
2017-11-30,PEP,POS,P01,DRC,2017,11,30,WFL,LSI,R1,E:POS_P:P01_Tr1:WFL_Tr2:LSI_DRC_R1_D:30_M:11_Y:2017,1.23,7.34,9.6,10.2,,,
2017-11-30,PEP,POS,P01,DRC,2017,11,30,WFL,LSI,R2,E:POS_P:P01_Tr1:WFL_Tr2:LSI_DRC_R2_D:30_M:11_Y:2017,1.14,7.37,9.2,7.8,,,
2017-11-30,PEP,POS,P01,DRC,2017,11,30,WFL,LSI,R3,E:POS_P:P01_Tr1:WFL_Tr2:LSI_DRC_R3_D:30_M:11_Y:2017,1.35,7.36,8.9,3.5,,,
2017-11-30,PEP,POS,P01,DRC,2017,11,30,NWF,ESI,R1,E:POS_P:P01_Tr1:NWF_Tr2:ESI_DRC_R1_D:30_M:11_Y:2017,1.14,,8.4,,,,
2017-11-30,PEP,POS,P01,DRC,2017,11,30,NWF,ESI,R2,E:POS_P:P01_Tr1:NWF_Tr2:ESI_DRC_R2_D:30_M:11_Y:2017,1.25,,8.8,,,,
2017-11-30,PEP,POS,P01,DRC,2017,11,30,NWF,ESI,R3,E:POS_P:P01_Tr1:NWF_Tr2:ESI_DRC_R3_D:30_M:11_Y:2017,1.17,,9,,,,
2017-11-30,PEP,POS,P01,DRC,2017,11,30,NWF,LSI,R1,E:POS_P:P01_Tr1:NWF_Tr2:LSI_DRC_R1_D:30_M:11_Y:2017,1.15,,9.3,,,,
2017-11-30,PEP,POS,P01,DRC,2017,11,30,NWF,LSI,R2,E:POS_P:P01_Tr1:NWF_Tr2:LSI_DRC_R2_D:30_M:11_Y:2017,1.23,,8.8,,,,
2017-11-30,PEP,POS,P01,DRC,2017,11,30,NWF,LSI,R3,E:POS_P:P01_Tr1:NWF_Tr2:LSI_DRC_R3_D:30_M:11_Y:2017,1.23,,9.1,,,,
2017-12-13,PEP,POS,P01,DRC,2017,12,13,WFL,ESI,R1,E:POS_P:P01_Tr1:WFL_Tr2:ESI_DRC_R1_D:13_M:12_Y:2017,1.48,7.7,8.2,252.5,14:34 ent,,
2017-12-13,PEP,POS,P01,DRC,2017,12,13,WFL,ESI,R2,E:POS_P:P01_Tr1:WFL_Tr2:ESI_DRC_R2_D:13_M:12_Y:2017,1.34,7.61,7.7,31.1,14:37 sort,,
2017-12-13,PEP,POS,P01,DRC,2017,12,13,WFL,ESI,R3,E:POS_P:P01_Tr1:WFL_Tr2:ESI_DRC_R3_D:13_M:12_Y:2017,1.36,7.3,7.7,300,,,
2017-12-13,PEP,POS,P01,DRC,2017,12,13,WFL,LSI,R1,E:POS_P:P01_Tr1:WFL_Tr2:LSI_DRC_R1_D:13_M:12_Y:2017,1.16,7.33,8.3,170,,,
2017-12-13,PEP,POS,P01,DRC,2017,12,13,WFL,LSI,R2,E:POS_P:P01_Tr1:WFL_Tr2:LSI_DRC_R2_D:13_M:12_Y:2017,1.18,7.49,8,165,,,
2017-12-13,PEP,POS,P01,DRC,2017,12,13,WFL,LSI,R3,E:POS_P:P01_Tr1:WFL_Tr2:LSI_DRC_R3_D:13_M:12_Y:2017,1.13,7.53,7.6,203.7,,,
2017-12-13,PEP,POS,P01,DRC,2017,12,13,NWF,ESI,R1,E:POS_P:P01_Tr1:NWF_Tr2:ESI_DRC_R1_D:13_M:12_Y:2017,0.99,,7.9,,,,
2017-12-13,PEP,POS,P01,DRC,2017,12,13,NWF,ESI,R2,E:POS_P:P01_Tr1:NWF_Tr2:ESI_DRC_R2_D:13_M:12_Y:2017,1.15,,8.1,,,,
2017-12-13,PEP,POS,P01,DRC,2017,12,13,NWF,ESI,R3,E:POS_P:P01_Tr1:NWF_Tr2:ESI_DRC_R3_D:13_M:12_Y:2017,1.1,,8.1,,,,
2017-12-13,PEP,POS,P01,DRC,2017,12,13,NWF,LSI,R1,E:POS_P:P01_Tr1:NWF_Tr2:LSI_DRC_R1_D:13_M:12_Y:2017,1.21,,8.7,,,,
2017-12-13,PEP,POS,P01,DRC,2017,12,13,NWF,LSI,R2,E:POS_P:P01_Tr1:NWF_Tr2:LSI_DRC_R2_D:13_M:12_Y:2017,1.18,,8.2,,,,
2017-12-13,PEP,POS,P01,DRC,2017,12,13,NWF,LSI,R3,E:POS_P:P01_Tr1:NWF_Tr2:LSI_DRC_R3_D:13_M:12_Y:2017,1.36,,8.3,,,,
2018-01-09,Lluís,POS,P01,DRC,2018,1,9,WFL,ESI,R1,E:POS_P:P01_Tr1:WFL_Tr2:ESI_DRC_R1_D:09_M:01_Y:2018,1.28,7.45,8.1,230,,,
2018-01-09,Lluís,POS,P01,DRC,2018,1,9,WFL,ESI,R2,E:POS_P:P01_Tr1:WFL_Tr2:ESI_DRC_R2_D:09_M:01_Y:2018,1.2,7.33,7.6,144,,,
2018-01-09,Lluís,POS,P01,DRC,2018,1,9,WFL,ESI,R3,E:POS_P:P01_Tr1:WFL_Tr2:ESI_DRC_R3_D:09_M:01_Y:2018,1.1,7.33,8.4,192,,,
2018-01-09,Lluís,POS,P01,DRC,2018,1,9,WFL,LSI,R1,E:POS_P:P01_Tr1:WFL_Tr2:LSI_DRC_R1_D:09_M:01_Y:2018,1.2,7.51,7.8,222,,,
2018-01-09,Lluís,POS,P01,DRC,2018,1,9,WFL,LSI,R2,E:POS_P:P01_Tr1:WFL_Tr2:LSI_DRC_R2_D:09_M:01_Y:2018,1.35,7.44,7.5,212,,,
2018-01-09,Lluís,POS,P01,DRC,2018,1,9,WFL,LSI,R3,E:POS_P:P01_Tr1:WFL_Tr2:LSI_DRC_R3_D:09_M:01_Y:2018,1.17,7.4,7.4,180,,,
2018-01-09,Lluís,POS,P01,DRC,2018,1,9,NWF,ESI,R1,E:POS_P:P01_Tr1:NWF_Tr2:ESI_DRC_R1_D:09_M:01_Y:2018,0.66,,7.3,,,,
2018-01-09,Lluís,POS,P01,DRC,2018,1,9,NWF,ESI,R2,E:POS_P:P01_Tr1:NWF_Tr2:ESI_DRC_R2_D:09_M:01_Y:2018,1.24,,7.1,,,,
2018-01-09,Lluís,POS,P01,DRC,2018,1,9,NWF,ESI,R3,E:POS_P:P01_Tr1:NWF_Tr2:ESI_DRC_R3_D:09_M:01_Y:2018,1.16,,7.9,,,,
2018-01-09,Lluís,POS,P01,DRC,2018,1,9,NWF,LSI,R1,E:POS_P:P01_Tr1:NWF_Tr2:LSI_DRC_R1_D:09_M:01_Y:2018,1.02,,8.1,,,,
2018-01-09,Lluís,POS,P01,DRC,2018,1,9,NWF,LSI,R2,E:POS_P:P01_Tr1:NWF_Tr2:LSI_DRC_R2_D:09_M:01_Y:2018,1.09,,8,,,,
2018-01-09,Lluís,POS,P01,DRC,2018,1,9,NWF,LSI,R3,E:POS_P:P01_Tr1:NWF_Tr2:LSI_DRC_R3_D:09_M:01_Y:2018,1.14,,8.4,,,,
2018-01-24,Lluís,POS,P01,DRC,2018,1,24,WFL,ESI,R1,E:POS_P:P01_Tr1:WFL_Tr2:ESI_DRC_R1_D:24_M:01_Y:2018,1.3,,11.4,,,,
2018-01-24,Lluís,POS,P01,DRC,2018,1,24,WFL,ESI,R2,E:POS_P:P01_Tr1:WFL_Tr2:ESI_DRC_R2_D:24_M:01_Y:2018,1.13,,11.4,,,,
2018-01-24,Lluís,POS,P01,DRC,2018,1,24,WFL,ESI,R3,E:POS_P:P01_Tr1:WFL_Tr2:ESI_DRC_R3_D:24_M:01_Y:2018,1.08,,11.3,,,,
2018-01-24,Lluís,POS,P01,DRC,2018,1,24,WFL,LSI,R1,E:POS_P:P01_Tr1:WFL_Tr2:LSI_DRC_R1_D:24_M:01_Y:2018,0.96,,12.7,,,,
2018-01-24,Lluís,POS,P01,DRC,2018,1,24,WFL,LSI,R2,E:POS_P:P01_Tr1:WFL_Tr2:LSI_DRC_R2_D:24_M:01_Y:2018,1.16,,12.2,,,,
2018-01-24,Lluís,POS,P01,DRC,2018,1,24,WFL,LSI,R3,E:POS_P:P01_Tr1:WFL_Tr2:LSI_DRC_R3_D:24_M:01_Y:2018,0.99,,12.1,,,,
2018-01-24,Lluís,POS,P01,DRC,2018,1,24,NWF,ESI,R1,E:POS_P:P01_Tr1:NWF_Tr2:ESI_DRC_R1_D:24_M:01_Y:2018,1.19,,11.7,,,,
2018-01-24,Lluís,POS,P01,DRC,2018,1,24,NWF,ESI,R2,E:POS_P:P01_Tr1:NWF_Tr2:ESI_DRC_R2_D:24_M:01_Y:2018,1.15,,11.8,,,,
2018-01-24,Lluís,POS,P01,DRC,2018,1,24,NWF,ESI,R3,E:POS_P:P01_Tr1:NWF_Tr2:ESI_DRC_R3_D:24_M:01_Y:2018,1.17,,12.3,,,,
2018-01-24,Lluís,POS,P01,DRC,2018,1,24,NWF,LSI,R1,E:POS_P:P01_Tr1:NWF_Tr2:LSI_DRC_R1_D:24_M:01_Y:2018,1.11,,11.3,,,,
2018-01-24,Lluís,POS,P01,DRC,2018,1,24,NWF,LSI,R2,E:POS_P:P01_Tr1:NWF_Tr2:LSI_DRC_R2_D:24_M:01_Y:2018,1.01,,11.2,,,,
2018-01-24,Lluís,POS,P01,DRC,2018,1,24,NWF,LSI,R3,E:POS_P:P01_Tr1:NWF_Tr2:LSI_DRC_R3_D:24_M:01_Y:2018,1.11,,11.5,,,,
2018-02-07,Lluís,POS,P01,DRC,2018,2,7,WFL,ESI,R1,E:POS_P:P01_Tr1:WFL_Tr2:ESI_DRC_R1_D:07_M:02_Y:2018,1.13,,6.9,,,,
2018-02-07,Lluís,POS,P01,DRC,2018,2,7,WFL,ESI,R2,E:POS_P:P01_Tr1:WFL_Tr2:ESI_DRC_R2_D:07_M:02_Y:2018,1.1,,6.8,,,,
2018-02-07,Lluís,POS,P01,DRC,2018,2,7,WFL,ESI,R3,E:POS_P:P01_Tr1:WFL_Tr2:ESI_DRC_R3_D:07_M:02_Y:2018,1.23,,6.5,,,,
2018-02-07,Lluís,POS,P01,DRC,2018,2,7,WFL,LSI,R1,E:POS_P:P01_Tr1:WFL_Tr2:LSI_DRC_R1_D:07_M:02_Y:2018,1.06,,7.4,,,,
2018-02-07,Lluís,POS,P01,DRC,2018,2,7,WFL,LSI,R2,E:POS_P:P01_Tr1:WFL_Tr2:LSI_DRC_R2_D:07_M:02_Y:2018,1.09,,7,,,,
2018-02-07,Lluís,POS,P01,DRC,2018,2,7,WFL,LSI,R3,E:POS_P:P01_Tr1:WFL_Tr2:LSI_DRC_R3_D:07_M:02_Y:2018,1.21,,6.7,,,,
2018-02-07,Lluís,POS,P01,DRC,2018,2,7,NWF,ESI,R1,E:POS_P:P01_Tr1:NWF_Tr2:ESI_DRC_R1_D:07_M:02_Y:2018,1.89,,5.9,,,,
2018-02-07,Lluís,POS,P01,DRC,2018,2,7,NWF,ESI,R2,E:POS_P:P01_Tr1:NWF_Tr2:ESI_DRC_R2_D:07_M:02_Y:2018,1.53,,6.2,,,,
2018-02-07,Lluís,POS,P01,DRC,2018,2,7,NWF,ESI,R3,E:POS_P:P01_Tr1:NWF_Tr2:ESI_DRC_R3_D:07_M:02_Y:2018,1.28,,6.7,,,,
2018-02-07,Lluís,POS,P01,DRC,2018,2,7,NWF,LSI,R1,E:POS_P:P01_Tr1:NWF_Tr2:LSI_DRC_R1_D:07_M:02_Y:2018,1.13,,7,,,,
2018-02-07,Lluís,POS,P01,DRC,2018,2,7,NWF,LSI,R2,E:POS_P:P01_Tr1:NWF_Tr2:LSI_DRC_R2_D:07_M:02_Y:2018,1.11,,6.2,,,,
2018-02-07,Lluís,POS,P01,DRC,2018,2,7,NWF,LSI,R3,E:POS_P:P01_Tr1:NWF_Tr2:LSI_DRC_R3_D:07_M:02_Y:2018,1.21,,6.6,,,,
2018-02-20,,POS,P01,DRC,2018,2,20,,,,E:POS_P:P01_Tr1:_Tr2:_DRC__D:20_M:02_Y:2018,,,,,,,
2018-02-20,,POS,P01,DRC,2018,2,20,,,,E:POS_P:P01_Tr1:_Tr2:_DRC__D:20_M:02_Y:2018,,,,,,,
2018-02-20,,POS,P01,DRC,2018,2,20,,,,E:POS_P:P01_Tr1:_Tr2:_DRC__D:20_M:02_Y:2018,,,,,,,
2018-02-20,,POS,P01,DRC,2018,2,20,,,,E:POS_P:P01_Tr1:_Tr2:_DRC__D:20_M:02_Y:2018,,,,,,,
2018-02-20,,POS,P01,DRC,2018,2,20,,,,E:POS_P:P01_Tr1:_Tr2:_DRC__D:20_M:02_Y:2018,,,,,,,
2018-02-20,,POS,P01,DRC,2018,2,20,,,,E:POS_P:P01_Tr1:_Tr2:_DRC__D:20_M:02_Y:2018,,,,,,,
2018-02-20,,POS,P01,DRC,2018,2,20,,,,E:POS_P:P01_Tr1:_Tr2:_DRC__D:20_M:02_Y:2018,,,,,,,
2018-02-20,,POS,P01,DRC,2018,2,20,,,,E:POS_P:P01_Tr1:_Tr2:_DRC__D:20_M:02_Y:2018,,,,,,,
2018-02-20,,POS,P01,DRC,2018,2,20,,,,E:POS_P:P01_Tr1:_Tr2:_DRC__D:20_M:02_Y:2018,,,,,,,
2018-02-20,,POS,P01,DRC,2018,2,20,,,,E:POS_P:P01_Tr1:_Tr2:_DRC__D:20_M:02_Y:2018,,,,,,,
2018-02-20,,POS,P01,DRC,2018,2,20,,,,E:POS_P:P01_Tr1:_Tr2:_DRC__D:20_M:02_Y:2018,,,,,,,
2018-02-20,,POS,P01,DRC,2018,2,20,,,,E:POS_P:P01_Tr1:_Tr2:_DRC__D:20_M:02_Y:2018,,,,,,,
2018-05-31,Lluís,POS,P01,DRC,2018,5,31,WFL,ESI,R1,E:POS_P:P01_Tr1:WFL_Tr2:ESI_DRC_R1_D:31_M:05_Y:2018,1.57,7.25,22.1,203.9,13:48,,
2018-05-31,Lluís,POS,P01,DRC,2018,5,31,WFL,ESI,R2,E:POS_P:P01_Tr1:WFL_Tr2:ESI_DRC_R2_D:31_M:05_Y:2018,1.51,7.34,22,199.7,,,
2018-05-31,Lluís,POS,P01,DRC,2018,5,31,WFL,ESI,R3,E:POS_P:P01_Tr1:WFL_Tr2:ESI_DRC_R3_D:31_M:05_Y:2018,1.18,7.35,22.2,210.9,,,
2018-05-31,Lluís,POS,P01,DRC,2018,5,31,WFL,LSI,R1,E:POS_P:P01_Tr1:WFL_Tr2:LSI_DRC_R1_D:31_M:05_Y:2018,1.18,7.29,23.1,219.1,,,
2018-05-31,Lluís,POS,P01,DRC,2018,5,31,WFL,LSI,R2,E:POS_P:P01_Tr1:WFL_Tr2:LSI_DRC_R2_D:31_M:05_Y:2018,1.34,7.6,21.3,203.9,,,
2018-05-31,Lluís,POS,P01,DRC,2018,5,31,WFL,LSI,R3,E:POS_P:P01_Tr1:WFL_Tr2:LSI_DRC_R3_D:31_M:05_Y:2018,1.29,7.75,22.1,228.3,,,
2018-05-31,Lluís,POS,P01,DRC,2018,5,31,NWF,ESI,R1,E:POS_P:P01_Tr1:NWF_Tr2:ESI_DRC_R1_D:31_M:05_Y:2018,1.66,7.32,23.6,193.5,,,
2018-05-31,Lluís,POS,P01,DRC,2018,5,31,NWF,ESI,R2,E:POS_P:P01_Tr1:NWF_Tr2:ESI_DRC_R2_D:31_M:05_Y:2018,1.64,7.28,23.8,140.1,,,
2018-05-31,Lluís,POS,P01,DRC,2018,5,31,NWF,ESI,R3,E:POS_P:P01_Tr1:NWF_Tr2:ESI_DRC_R3_D:31_M:05_Y:2018,1.44,7.32,24,189.3,,,
2018-05-31,Lluís,POS,P01,DRC,2018,5,31,NWF,LSI,R1,E:POS_P:P01_Tr1:NWF_Tr2:LSI_DRC_R1_D:31_M:05_Y:2018,1.31,7.42,23.5,168.2,,,
2018-05-31,Lluís,POS,P01,DRC,2018,5,31,NWF,LSI,R2,E:POS_P:P01_Tr1:NWF_Tr2:LSI_DRC_R2_D:31_M:05_Y:2018,1.23,7.06,23.6,150.3,,,
2018-05-31,Lluís,POS,P01,DRC,2018,5,31,NWF,LSI,R3,E:POS_P:P01_Tr1:NWF_Tr2:LSI_DRC_R3_D:31_M:05_Y:2018,1.3,7.32,24,162.9,,,
2018-06-15,María,POS,P01,DRC,2018,6,15,WFL,ESI,R1,E:POS_P:P01_Tr1:WFL_Tr2:ESI_DRC_R1_D:15_M:06_Y:2018,1.11,6.6,21.8,218,14:01,,
2018-06-15,María,POS,P01,DRC,2018,6,15,WFL,ESI,R2,E:POS_P:P01_Tr1:WFL_Tr2:ESI_DRC_R2_D:15_M:06_Y:2018,1.43,6.72,21.8,181,,,
2018-06-15,María,POS,P01,DRC,2018,6,15,WFL,ESI,R3,E:POS_P:P01_Tr1:WFL_Tr2:ESI_DRC_R3_D:15_M:06_Y:2018,1.13,6.9,22.2,169,,,
2018-06-15,María,POS,P01,DRC,2018,6,15,WFL,LSI,R1,E:POS_P:P01_Tr1:WFL_Tr2:LSI_DRC_R1_D:15_M:06_Y:2018,1.01,6.68,22.1,190,,,
2018-06-15,María,POS,P01,DRC,2018,6,15,WFL,LSI,R2,E:POS_P:P01_Tr1:WFL_Tr2:LSI_DRC_R2_D:15_M:06_Y:2018,1.08,6.4,22.1,186,,,
2018-06-15,María,POS,P01,DRC,2018,6,15,WFL,LSI,R3,E:POS_P:P01_Tr1:WFL_Tr2:LSI_DRC_R3_D:15_M:06_Y:2018,1.24,6.51,22,198,,,
2018-06-15,María,POS,P01,DRC,2018,6,15,NWF,ESI,R1,E:POS_P:P01_Tr1:NWF_Tr2:ESI_DRC_R1_D:15_M:06_Y:2018,1.43,6.69,23.8,166,,,
2018-06-15,María,POS,P01,DRC,2018,6,15,NWF,ESI,R2,E:POS_P:P01_Tr1:NWF_Tr2:ESI_DRC_R2_D:15_M:06_Y:2018,1.45,6.89,21.7,164,,,
2018-06-15,María,POS,P01,DRC,2018,6,15,NWF,ESI,R3,E:POS_P:P01_Tr1:NWF_Tr2:ESI_DRC_R3_D:15_M:06_Y:2018,1.46,7.01,21.9,177,,,
2018-06-15,María,POS,P01,DRC,2018,6,15,NWF,LSI,R1,E:POS_P:P01_Tr1:NWF_Tr2:LSI_DRC_R1_D:15_M:06_Y:2018,1.26,6.8,22.2,133,,,
2018-06-15,María,POS,P01,DRC,2018,6,15,NWF,LSI,R2,E:POS_P:P01_Tr1:NWF_Tr2:LSI_DRC_R2_D:15_M:06_Y:2018,1.43,6.79,22.1,187,,,
2018-06-15,María,POS,P01,DRC,2018,6,15,NWF,LSI,R3,E:POS_P:P01_Tr1:NWF_Tr2:LSI_DRC_R3_D:15_M:06_Y:2018,1.43,6.93,22.4,175,,,
2018-06-29,Lluís,POS,P01,DRC,2018,6,29,WFL,ESI,R1,E:POS_P:P01_Tr1:WFL_Tr2:ESI_DRC_R1_D:29_M:06_Y:2018,1.24,6.53,25.5,188,13:22,entrada,
2018-06-29,Lluís,POS,P01,DRC,2018,6,29,WFL,ESI,R2,E:POS_P:P01_Tr1:WFL_Tr2:ESI_DRC_R2_D:29_M:06_Y:2018,1.23,6.52,25.5,214,13:27,wfl sort,
2018-06-29,Lluís,POS,P01,DRC,2018,6,29,WFL,ESI,R3,E:POS_P:P01_Tr1:WFL_Tr2:ESI_DRC_R3_D:29_M:06_Y:2018,1.21,6.54,25.5,215,13:29,nwf sort,
2018-06-29,Lluís,POS,P01,DRC,2018,6,29,WFL,LSI,R1,E:POS_P:P01_Tr1:WFL_Tr2:LSI_DRC_R1_D:29_M:06_Y:2018,0.84,6.5,25.5,225,,carpeta estuari,
2018-06-29,Lluís,POS,P01,DRC,2018,6,29,WFL,LSI,R2,E:POS_P:P01_Tr1:WFL_Tr2:LSI_DRC_R2_D:29_M:06_Y:2018,1.37,6.53,25.5,205,,,
2018-06-29,Lluís,POS,P01,DRC,2018,6,29,WFL,LSI,R3,E:POS_P:P01_Tr1:WFL_Tr2:LSI_DRC_R3_D:29_M:06_Y:2018,1.35,6.56,25.5,212,,,
2018-06-29,Lluís,POS,P01,DRC,2018,6,29,NWF,ESI,R1,E:POS_P:P01_Tr1:NWF_Tr2:ESI_DRC_R1_D:29_M:06_Y:2018,1.91,6.73,26,226,,,
2018-06-29,Lluís,POS,P01,DRC,2018,6,29,NWF,ESI,R2,E:POS_P:P01_Tr1:NWF_Tr2:ESI_DRC_R2_D:29_M:06_Y:2018,1.73,6.77,26,218,,,
2018-06-29,Lluís,POS,P01,DRC,2018,6,29,NWF,ESI,R3,E:POS_P:P01_Tr1:NWF_Tr2:ESI_DRC_R3_D:29_M:06_Y:2018,1.8,6.75,26,175,,,
2018-06-29,Lluís,POS,P01,DRC,2018,6,29,NWF,LSI,R1,E:POS_P:P01_Tr1:NWF_Tr2:LSI_DRC_R1_D:29_M:06_Y:2018,1.35,6.62,26,197,,,
2018-06-29,Lluís,POS,P01,DRC,2018,6,29,NWF,LSI,R2,E:POS_P:P01_Tr1:NWF_Tr2:LSI_DRC_R2_D:29_M:06_Y:2018,1.18,6.68,26,170,,,
2018-06-29,Lluís,POS,P01,DRC,2018,6,29,NWF,LSI,R3,E:POS_P:P01_Tr1:NWF_Tr2:LSI_DRC_R3_D:29_M:06_Y:2018,1.23,6.7,26,176,,,
2018-07-10,María,POS,P01,DRC,2018,7,10,WFL,ESI,R1,E:POS_P:P01_Tr1:WFL_Tr2:ESI_DRC_R1_D:10_M:07_Y:2018,1.04,7.03,26,164,14:26,entrada,
2018-07-10,María,POS,P01,DRC,2018,7,10,WFL,ESI,R2,E:POS_P:P01_Tr1:WFL_Tr2:ESI_DRC_R2_D:10_M:07_Y:2018,1.05,6.82,26,182,14:28,quadre WFL,
2018-07-10,María,POS,P01,DRC,2018,7,10,WFL,ESI,R3,E:POS_P:P01_Tr1:WFL_Tr2:ESI_DRC_R3_D:10_M:07_Y:2018,1.13,6.59,26,205,14:32,quadre NWF,
2018-07-10,María,POS,P01,DRC,2018,7,10,WFL,LSI,R1,E:POS_P:P01_Tr1:WFL_Tr2:LSI_DRC_R1_D:10_M:07_Y:2018,0.99,6.95,26,200,14:35,sortida WFL,
2018-07-10,María,POS,P01,DRC,2018,7,10,WFL,LSI,R2,E:POS_P:P01_Tr1:WFL_Tr2:LSI_DRC_R2_D:10_M:07_Y:2018,1.19,6.93,26,233,14:36,sortida NWF,
2018-07-10,María,POS,P01,DRC,2018,7,10,WFL,LSI,R3,E:POS_P:P01_Tr1:WFL_Tr2:LSI_DRC_R3_D:10_M:07_Y:2018,1.02,6.68,26,202,carpeta sudnou,,
2018-07-10,María,POS,P01,DRC,2018,7,10,NWF,ESI,R1,E:POS_P:P01_Tr1:NWF_Tr2:ESI_DRC_R1_D:10_M:07_Y:2018,1.71,6.8,25,277,,,
2018-07-10,María,POS,P01,DRC,2018,7,10,NWF,ESI,R2,E:POS_P:P01_Tr1:NWF_Tr2:ESI_DRC_R2_D:10_M:07_Y:2018,1.44,6.65,25,336,,,
2018-07-10,María,POS,P01,DRC,2018,7,10,NWF,ESI,R3,E:POS_P:P01_Tr1:NWF_Tr2:ESI_DRC_R3_D:10_M:07_Y:2018,1.37,6.58,25,312,,,
2018-07-10,María,POS,P01,DRC,2018,7,10,NWF,LSI,R1,E:POS_P:P01_Tr1:NWF_Tr2:LSI_DRC_R1_D:10_M:07_Y:2018,1.29,6.91,25,153,,,
2018-07-10,María,POS,P01,DRC,2018,7,10,NWF,LSI,R2,E:POS_P:P01_Tr1:NWF_Tr2:LSI_DRC_R2_D:10_M:07_Y:2018,1.09,6.89,25,240.6,,,
2018-07-10,María,POS,P01,DRC,2018,7,10,NWF,LSI,R3,E:POS_P:P01_Tr1:NWF_Tr2:LSI_DRC_R3_D:10_M:07_Y:2018,1.47,7.02,25,287,,,
2018-07-26,María,POS,P01,DRC,2018,7,26,WFL,ESI,R1,E:POS_P:P01_Tr1:WFL_Tr2:ESI_DRC_R1_D:26_M:07_Y:2018,1.74,6.38,29.1,141.4,14.58 entrada,,
2018-07-26,María,POS,P01,DRC,2018,7,26,WFL,ESI,R2,E:POS_P:P01_Tr1:WFL_Tr2:ESI_DRC_R2_D:26_M:07_Y:2018,1.38,6.62,29.6,245.8,15.01 WFL CAMP,,
2018-07-26,María,POS,P01,DRC,2018,7,26,WFL,ESI,R3,E:POS_P:P01_Tr1:WFL_Tr2:ESI_DRC_R3_D:26_M:07_Y:2018,1.18,6.6,29.1,224.1,15.04 NWF CAMP,,
2018-07-26,María,POS,P01,DRC,2018,7,26,WFL,LSI,R1,E:POS_P:P01_Tr1:WFL_Tr2:LSI_DRC_R1_D:26_M:07_Y:2018,1,6.7,29.3,336.7,15.06 NWF EIXIDA,,
2018-07-26,María,POS,P01,DRC,2018,7,26,WFL,LSI,R2,E:POS_P:P01_Tr1:WFL_Tr2:LSI_DRC_R2_D:26_M:07_Y:2018,1.28,6.65,29.6,316.4,15.08 WFL EIXIDA,,
2018-07-26,María,POS,P01,DRC,2018,7,26,WFL,LSI,R3,E:POS_P:P01_Tr1:WFL_Tr2:LSI_DRC_R3_D:26_M:07_Y:2018,1.4,6.62,30.7,234.6,,,
2018-07-26,María,POS,P01,DRC,2018,7,26,NWF,ESI,R1,E:POS_P:P01_Tr1:NWF_Tr2:ESI_DRC_R1_D:26_M:07_Y:2018,1.2,6.62,29.1,232.7,,,
2018-07-26,María,POS,P01,DRC,2018,7,26,NWF,ESI,R2,E:POS_P:P01_Tr1:NWF_Tr2:ESI_DRC_R2_D:26_M:07_Y:2018,1.48,6.56,29.2,354.4,,,
2018-07-26,María,POS,P01,DRC,2018,7,26,NWF,ESI,R3,E:POS_P:P01_Tr1:NWF_Tr2:ESI_DRC_R3_D:26_M:07_Y:2018,1.4,6.5,31.5,265.5,,,
2018-07-26,María,POS,P01,DRC,2018,7,26,NWF,LSI,R1,E:POS_P:P01_Tr1:NWF_Tr2:LSI_DRC_R1_D:26_M:07_Y:2018,1.2,6.67,29.5,387.2,,,
2018-07-26,María,POS,P01,DRC,2018,7,26,NWF,LSI,R2,E:POS_P:P01_Tr1:NWF_Tr2:LSI_DRC_R2_D:26_M:07_Y:2018,1.29,6.6,29.6,323.2,,,
2018-07-26,María,POS,P01,DRC,2018,7,26,NWF,LSI,R3,E:POS_P:P01_Tr1:NWF_Tr2:LSI_DRC_R3_D:26_M:07_Y:2018,1.43,6.75,29.3,365,,,
2018-08-07,María,POS,P01,DRC,2018,8,7,WFL,ESI,R1,E:POS_P:P01_Tr1:WFL_Tr2:ESI_DRC_R1_D:07_M:08_Y:2018,1.01,6.86,26.8,301,carpeta sudnou,,
2018-08-07,María,POS,P01,DRC,2018,8,7,WFL,ESI,R2,E:POS_P:P01_Tr1:WFL_Tr2:ESI_DRC_R2_D:07_M:08_Y:2018,1.11,6.77,27.2,242.3,14:59 WFL CAMP LAB,,
2018-08-07,María,POS,P01,DRC,2018,8,7,WFL,ESI,R3,E:POS_P:P01_Tr1:WFL_Tr2:ESI_DRC_R3_D:07_M:08_Y:2018,0.99,7.19,27.5,343.3,15:01 ENTRADA LAB,,
2018-08-07,María,POS,P01,DRC,2018,8,7,WFL,LSI,R1,E:POS_P:P01_Tr1:WFL_Tr2:LSI_DRC_R1_D:07_M:08_Y:2018,0.96,7.15,27.3,292.8,15:02 NWF CAMP LAB,,
2018-08-07,María,POS,P01,DRC,2018,8,7,WFL,LSI,R2,E:POS_P:P01_Tr1:WFL_Tr2:LSI_DRC_R2_D:07_M:08_Y:2018,1.07,6.82,27.4,415,15:03 NWF EIXIDA LAB,,
2018-08-07,María,POS,P01,DRC,2018,8,7,WFL,LSI,R3,E:POS_P:P01_Tr1:WFL_Tr2:LSI_DRC_R3_D:07_M:08_Y:2018,1.15,6.73,27.5,334,15:04 WFL EIXIDA LAB,,
2018-08-07,María,POS,P01,DRC,2018,8,7,NWF,ESI,R1,E:POS_P:P01_Tr1:NWF_Tr2:ESI_DRC_R1_D:07_M:08_Y:2018,1.53,6.67,27.2,320,14:15 ENTRADA NWF CAMP,,
2018-08-07,María,POS,P01,DRC,2018,8,7,NWF,ESI,R2,E:POS_P:P01_Tr1:NWF_Tr2:ESI_DRC_R2_D:07_M:08_Y:2018,1.3,6.88,27,405,14:16 ENTRADA WFL CAMP,,
2018-08-07,María,POS,P01,DRC,2018,8,7,NWF,ESI,R3,E:POS_P:P01_Tr1:NWF_Tr2:ESI_DRC_R3_D:07_M:08_Y:2018,1.13,6.89,27.2,248,14:18 CAMP NWF CAMP,,
2018-08-07,María,POS,P01,DRC,2018,8,7,NWF,LSI,R1,E:POS_P:P01_Tr1:NWF_Tr2:LSI_DRC_R1_D:07_M:08_Y:2018,1.17,6.58,27.5,422,14:19 CAMP WFL CAMP,,
2018-08-07,María,POS,P01,DRC,2018,8,7,NWF,LSI,R2,E:POS_P:P01_Tr1:NWF_Tr2:LSI_DRC_R2_D:07_M:08_Y:2018,1.29,6.74,27.6,426,14:21 EIXIDA NWF CAMP,,
2018-08-07,María,POS,P01,DRC,2018,8,7,NWF,LSI,R3,E:POS_P:P01_Tr1:NWF_Tr2:LSI_DRC_R3_D:07_M:08_Y:2018,1.35,6.92,27.4,390,14:23 EIXIDA WFL CAMP,,
2018-08-22,María,POS,P01,DRC,2018,8,22,WFL,ESI,R1,E:POS_P:P01_Tr1:WFL_Tr2:ESI_DRC_R1_D:22_M:08_Y:2018,1.09,6.91,24.9,373,carpeta sudnou,,
2018-08-22,María,POS,P01,DRC,2018,8,22,WFL,ESI,R2,E:POS_P:P01_Tr1:WFL_Tr2:ESI_DRC_R2_D:22_M:08_Y:2018,1.05,6.79,24.5,410,13:53 ENTRADA CAMP,,
2018-08-22,María,POS,P01,DRC,2018,8,22,WFL,ESI,R3,E:POS_P:P01_Tr1:WFL_Tr2:ESI_DRC_R3_D:22_M:08_Y:2018,1.06,6.75,24.4,425,13:57 NWF CAMP CAMP,,
2018-08-22,María,POS,P01,DRC,2018,8,22,WFL,LSI,R1,E:POS_P:P01_Tr1:WFL_Tr2:LSI_DRC_R1_D:22_M:08_Y:2018,0.98,6.54,25.1,401,13:59 WFL CAMP CAMP,,
2018-08-22,María,POS,P01,DRC,2018,8,22,WFL,LSI,R2,E:POS_P:P01_Tr1:WFL_Tr2:LSI_DRC_R2_D:22_M:08_Y:2018,1,6.58,24.9,384,14:02 NWF EIXIDA CAMP,,
2018-08-22,María,POS,P01,DRC,2018,8,22,WFL,LSI,R3,E:POS_P:P01_Tr1:WFL_Tr2:LSI_DRC_R3_D:22_M:08_Y:2018,0.98,6.51,24.7,330,14:04 WFL EIXIDA CAMP,,
2018-08-22,María,POS,P01,DRC,2018,8,22,NWF,ESI,R1,E:POS_P:P01_Tr1:NWF_Tr2:ESI_DRC_R1_D:22_M:08_Y:2018,1.47,6.47,24.8,485.5,14:49 ENTRADA LAB,"MME(16/01/20): pH corregit, abans 647",
2018-08-22,María,POS,P01,DRC,2018,8,22,NWF,ESI,R2,E:POS_P:P01_Tr1:NWF_Tr2:ESI_DRC_R2_D:22_M:08_Y:2018,1.6,6.54,24.3,446.2,14:53 WFL CAMP LAB,,
2018-08-22,María,POS,P01,DRC,2018,8,22,NWF,ESI,R3,E:POS_P:P01_Tr1:NWF_Tr2:ESI_DRC_R3_D:22_M:08_Y:2018,1.46,6.63,24.4,416,14:55 NWF CAMP LAB,,
2018-08-22,María,POS,P01,DRC,2018,8,22,NWF,LSI,R1,E:POS_P:P01_Tr1:NWF_Tr2:LSI_DRC_R1_D:22_M:08_Y:2018,0.99,6.87,26.6,273.9,14:57 WFL EIXIDA LAB,,
2018-08-22,María,POS,P01,DRC,2018,8,22,NWF,LSI,R2,E:POS_P:P01_Tr1:NWF_Tr2:LSI_DRC_R2_D:22_M:08_Y:2018,0.94,6.92,24.9,325,14:59 NWF EIXIDA LAB,,
2018-08-22,María,POS,P01,DRC,2018,8,22,NWF,LSI,R3,E:POS_P:P01_Tr1:NWF_Tr2:LSI_DRC_R3_D:22_M:08_Y:2018,1.12,6.86,24.8,400,,,
2018-09-03,María,POS,P01,DRC,2018,9,3,WFL,ESI,R1,E:POS_P:P01_Tr1:WFL_Tr2:ESI_DRC_R1_D:03_M:09_Y:2018,1.19,6.57,24.8,400,13:45 NWF ENTRADA CAM,,
2018-09-03,María,POS,P01,DRC,2018,9,3,WFL,ESI,R2,E:POS_P:P01_Tr1:WFL_Tr2:ESI_DRC_R2_D:03_M:09_Y:2018,1.05,6.53,24.8,374.3,13:49 NWF  CAMP CAMP,,
2018-09-03,María,POS,P01,DRC,2018,9,3,WFL,ESI,R3,E:POS_P:P01_Tr1:WFL_Tr2:ESI_DRC_R3_D:03_M:09_Y:2018,1.36,6.6,24.8,345.7,??:?? WFL CAMP CAMP,,
2018-09-03,María,POS,P01,DRC,2018,9,3,WFL,LSI,R1,E:POS_P:P01_Tr1:WFL_Tr2:LSI_DRC_R1_D:03_M:09_Y:2018,0.75,6.48,25.6,387,13:53 NWF EIXIDA CAMP ,,
2018-09-03,María,POS,P01,DRC,2018,9,3,WFL,LSI,R2,E:POS_P:P01_Tr1:WFL_Tr2:LSI_DRC_R2_D:03_M:09_Y:2018,1,6.59,25.5,439.2,13:55 WFL EIXIDA CAMP,,
2018-09-03,María,POS,P01,DRC,2018,9,3,WFL,LSI,R3,E:POS_P:P01_Tr1:WFL_Tr2:LSI_DRC_R3_D:03_M:09_Y:2018,0.92,6.77,25.5,420.3,,,
2018-09-03,María,POS,P01,DRC,2018,9,3,NWF,ESI,R1,E:POS_P:P01_Tr1:NWF_Tr2:ESI_DRC_R1_D:03_M:09_Y:2018,1.38,6.34,25.5,403,,,
2018-09-03,María,POS,P01,DRC,2018,9,3,NWF,ESI,R2,E:POS_P:P01_Tr1:NWF_Tr2:ESI_DRC_R2_D:03_M:09_Y:2018,1.47,6.43,25.6,390.7,,,
2018-09-03,María,POS,P01,DRC,2018,9,3,NWF,ESI,R3,E:POS_P:P01_Tr1:NWF_Tr2:ESI_DRC_R3_D:03_M:09_Y:2018,1.16,6.34,25.3,325,,,
2018-09-03,María,POS,P01,DRC,2018,9,3,NWF,LSI,R1,E:POS_P:P01_Tr1:NWF_Tr2:LSI_DRC_R1_D:03_M:09_Y:2018,1.1,6.6,25.6,432,,,
2018-09-03,María,POS,P01,DRC,2018,9,3,NWF,LSI,R2,E:POS_P:P01_Tr1:NWF_Tr2:LSI_DRC_R2_D:03_M:09_Y:2018,1.12,6.76,25.5,420.3,,,
2018-09-03,María,POS,P01,DRC,2018,9,3,NWF,LSI,R3,E:POS_P:P01_Tr1:NWF_Tr2:LSI_DRC_R3_D:03_M:09_Y:2018,1.12,6.9,25.5,360,,,
2018-10-17,Lluís - Nil,POS,P01,DRC,2018,10,17,WFL,ESI,R1,E:POS_P:P01_Tr1:WFL_Tr2:ESI_DRC_R1_D:17_M:10_Y:2018,1.41,7.03,18.7,216,,,
2018-10-17,Lluís - Nil,POS,P01,DRC,2018,10,17,WFL,ESI,R2,E:POS_P:P01_Tr1:WFL_Tr2:ESI_DRC_R2_D:17_M:10_Y:2018,1.41,6.98,17.9,337,,,
2018-10-17,Lluís - Nil,POS,P01,DRC,2018,10,17,WFL,ESI,R3,E:POS_P:P01_Tr1:WFL_Tr2:ESI_DRC_R3_D:17_M:10_Y:2018,1.56,6.85,17.7,242,,,
2018-10-17,Lluís - Nil,POS,P01,DRC,2018,10,17,WFL,LSI,R1,E:POS_P:P01_Tr1:WFL_Tr2:LSI_DRC_R1_D:17_M:10_Y:2018,0.92,7.16,18.6,105,,,
2018-10-17,Lluís - Nil,POS,P01,DRC,2018,10,17,WFL,LSI,R2,E:POS_P:P01_Tr1:WFL_Tr2:LSI_DRC_R2_D:17_M:10_Y:2018,1.34,7.04,18.5,158,,,
2018-10-17,Lluís - Nil,POS,P01,DRC,2018,10,17,WFL,LSI,R3,E:POS_P:P01_Tr1:WFL_Tr2:LSI_DRC_R3_D:17_M:10_Y:2018,1.1,7.11,18.4,182,,,
2018-10-17,Lluís - Nil,POS,P01,DRC,2018,10,17,NWF,ESI,R1,E:POS_P:P01_Tr1:NWF_Tr2:ESI_DRC_R1_D:17_M:10_Y:2018,1.3,7.05,18.5,66,,,
2018-10-17,Lluís - Nil,POS,P01,DRC,2018,10,17,NWF,ESI,R2,E:POS_P:P01_Tr1:NWF_Tr2:ESI_DRC_R2_D:17_M:10_Y:2018,1.25,7.06,18.5,60,,,
2018-10-17,Lluís - Nil,POS,P01,DRC,2018,10,17,NWF,ESI,R3,E:POS_P:P01_Tr1:NWF_Tr2:ESI_DRC_R3_D:17_M:10_Y:2018,1.35,7.04,18.5,94,,,
2018-10-17,Lluís - Nil,POS,P01,DRC,2018,10,17,NWF,LSI,R1,E:POS_P:P01_Tr1:NWF_Tr2:LSI_DRC_R1_D:17_M:10_Y:2018,1.14,7.19,19,120,,,
2018-10-17,Lluís - Nil,POS,P01,DRC,2018,10,17,NWF,LSI,R2,E:POS_P:P01_Tr1:NWF_Tr2:LSI_DRC_R2_D:17_M:10_Y:2018,1.1,7.13,19.1,132,,,
2018-10-17,Lluís - Nil,POS,P01,DRC,2018,10,17,NWF,LSI,R3,E:POS_P:P01_Tr1:NWF_Tr2:LSI_DRC_R3_D:17_M:10_Y:2018,1.15,7.11,19.1,240,,stick up,water level
2018-10-24,Nil Toño Maite,POS,P01,DRC,2018,10,24,WFL,ESI,R1,E:POS_P:P01_Tr1:WFL_Tr2:ESI_DRC_R1_D:24_M:10_Y:2018,1.17,6.91,18.6,114.2,,45.5,30.5
2018-10-24,Nil Toño Maite,POS,P01,DRC,2018,10,24,WFL,ESI,R2,E:POS_P:P01_Tr1:WFL_Tr2:ESI_DRC_R2_D:24_M:10_Y:2018,1.09,7.03,18.8,147.8,,,
2018-10-24,Nil Toño Maite,POS,P01,DRC,2018,10,24,WFL,ESI,R3,E:POS_P:P01_Tr1:WFL_Tr2:ESI_DRC_R3_D:24_M:10_Y:2018,1.12,6.97,18.7,115.1,,,
2018-10-24,Nil Toño Maite,POS,P01,DRC,2018,10,24,WFL,LSI,R1,E:POS_P:P01_Tr1:WFL_Tr2:LSI_DRC_R1_D:24_M:10_Y:2018,1.13,7.18,18.1,203.1,,43.5,33
2018-10-24,Nil Toño Maite,POS,P01,DRC,2018,10,24,WFL,LSI,R2,E:POS_P:P01_Tr1:WFL_Tr2:LSI_DRC_R2_D:24_M:10_Y:2018,1.11,7.07,17.8,207.5,,,
2018-10-24,Nil Toño Maite,POS,P01,DRC,2018,10,24,WFL,LSI,R3,E:POS_P:P01_Tr1:WFL_Tr2:LSI_DRC_R3_D:24_M:10_Y:2018,0.94,7.15,17.6,229.8,,,
2018-10-24,Nil Toño Maite,POS,P01,DRC,2018,10,24,NWF,ESI,R1,E:POS_P:P01_Tr1:NWF_Tr2:ESI_DRC_R1_D:24_M:10_Y:2018,1.35,6.73,16.8,101.5,,37,44
2018-10-24,Nil Toño Maite,POS,P01,DRC,2018,10,24,NWF,ESI,R2,E:POS_P:P01_Tr1:NWF_Tr2:ESI_DRC_R2_D:24_M:10_Y:2018,1.44,6.84,16.3,95.6,,,
2018-10-24,Nil Toño Maite,POS,P01,DRC,2018,10,24,NWF,ESI,R3,E:POS_P:P01_Tr1:NWF_Tr2:ESI_DRC_R3_D:24_M:10_Y:2018,1.22,6.92,16.3,105.4,,,
2018-10-24,Nil Toño Maite,POS,P01,DRC,2018,10,24,NWF,LSI,R1,E:POS_P:P01_Tr1:NWF_Tr2:LSI_DRC_R1_D:24_M:10_Y:2018,1.18,6.85,17,85.2,,29.5,30
2018-10-24,Nil Toño Maite,POS,P01,DRC,2018,10,24,NWF,LSI,R2,E:POS_P:P01_Tr1:NWF_Tr2:LSI_DRC_R2_D:24_M:10_Y:2018,1,7.15,16.8,94.5,,,
2018-10-24,Nil Toño Maite,POS,P01,DRC,2018,10,24,NWF,LSI,R3,E:POS_P:P01_Tr1:NWF_Tr2:LSI_DRC_R3_D:24_M:10_Y:2018,1.16,6.82,16.9,103.3,,,
2018-11-07,Lluís,POS,P01,DRC,2018,11,7,WFL,ESI,R1,E:POS_P:P01_Tr1:WFL_Tr2:ESI_DRC_R1_D:07_M:11_Y:2018,1.31,7.08,13.8,128.4,WFL ESI 14:18,,14
2018-11-07,Lluís,POS,P01,DRC,2018,11,7,WFL,ESI,R2,E:POS_P:P01_Tr1:WFL_Tr2:ESI_DRC_R2_D:07_M:11_Y:2018,1.27,7.1,13.7,142,WFL LSI 14:23,,
2018-11-07,Lluís,POS,P01,DRC,2018,11,7,WFL,ESI,R3,E:POS_P:P01_Tr1:WFL_Tr2:ESI_DRC_R3_D:07_M:11_Y:2018,1.14,7.08,13.7,168,NWF ESI 14:14,,
2018-11-07,Lluís,POS,P01,DRC,2018,11,7,WFL,LSI,R1,E:POS_P:P01_Tr1:WFL_Tr2:LSI_DRC_R1_D:07_M:11_Y:2018,0.99,7.4,13.8,200,NWF LSI 14:10,,9.5
2018-11-07,Lluís,POS,P01,DRC,2018,11,7,WFL,LSI,R2,E:POS_P:P01_Tr1:WFL_Tr2:LSI_DRC_R2_D:07_M:11_Y:2018,1.16,7.29,13.6,300,carperta OX cargol,,
2018-11-07,Lluís,POS,P01,DRC,2018,11,7,WFL,LSI,R3,E:POS_P:P01_Tr1:WFL_Tr2:LSI_DRC_R3_D:07_M:11_Y:2018,1.1,7.28,13.3,198,WFL LSI mig 14:19,,
2018-11-07,Lluís,POS,P01,DRC,2018,11,7,NWF,ESI,R1,E:POS_P:P01_Tr1:NWF_Tr2:ESI_DRC_R1_D:07_M:11_Y:2018,1.13,7.2,11.6,181,,,0
2018-11-07,Lluís,POS,P01,DRC,2018,11,7,NWF,ESI,R2,E:POS_P:P01_Tr1:NWF_Tr2:ESI_DRC_R2_D:07_M:11_Y:2018,1.16,7.12,11.6,195,,,
2018-11-07,Lluís,POS,P01,DRC,2018,11,7,NWF,ESI,R3,E:POS_P:P01_Tr1:NWF_Tr2:ESI_DRC_R3_D:07_M:11_Y:2018,1.11,7.03,11.6,252,,,
2018-11-07,Lluís,POS,P01,DRC,2018,11,7,NWF,LSI,R1,E:POS_P:P01_Tr1:NWF_Tr2:LSI_DRC_R1_D:07_M:11_Y:2018,1.15,6.82,11.5,158,,,1
2018-11-07,Lluís,POS,P01,DRC,2018,11,7,NWF,LSI,R2,E:POS_P:P01_Tr1:NWF_Tr2:LSI_DRC_R2_D:07_M:11_Y:2018,1.19,6.83,11.9,214,,,
2018-11-07,Lluís,POS,P01,DRC,2018,11,7,NWF,LSI,R3,E:POS_P:P01_Tr1:NWF_Tr2:LSI_DRC_R3_D:07_M:11_Y:2018,1.25,6.86,11.6,180,,,
2018-11-21,Lluís,POS,P01,DRC,2018,11,21,WFL,ESI,R1,E:POS_P:P01_Tr1:WFL_Tr2:ESI_DRC_R1_D:21_M:11_Y:2018,1.29,7.53,12.7,230,WFL ESI 13:00,,
2018-11-21,Lluís,POS,P01,DRC,2018,11,21,WFL,ESI,R2,E:POS_P:P01_Tr1:WFL_Tr2:ESI_DRC_R2_D:21_M:11_Y:2018,1.1,7.25,12.6,233,WFL LSI 13:05,,
2018-11-21,Lluís,POS,P01,DRC,2018,11,21,WFL,ESI,R3,E:POS_P:P01_Tr1:WFL_Tr2:ESI_DRC_R3_D:21_M:11_Y:2018,1.1,7,12.5,129,WFL MIG 13:02,,
2018-11-21,Lluís,POS,P01,DRC,2018,11,21,WFL,LSI,R1,E:POS_P:P01_Tr1:WFL_Tr2:LSI_DRC_R1_D:21_M:11_Y:2018,0.7,7.07,13,162,NWF ESI 12:57,,
2018-11-21,Lluís,POS,P01,DRC,2018,11,21,WFL,LSI,R2,E:POS_P:P01_Tr1:WFL_Tr2:LSI_DRC_R2_D:21_M:11_Y:2018,0.73,7.1,13,111,NWF LSI 12:54,,
2018-11-21,Lluís,POS,P01,DRC,2018,11,21,WFL,LSI,R3,E:POS_P:P01_Tr1:WFL_Tr2:LSI_DRC_R3_D:21_M:11_Y:2018,0.88,7.07,12.7,123,,,
2018-11-21,Lluís,POS,P01,DRC,2018,11,21,NWF,ESI,R1,E:POS_P:P01_Tr1:NWF_Tr2:ESI_DRC_R1_D:21_M:11_Y:2018,1.16,7,11.7,395,,,
2018-11-21,Lluís,POS,P01,DRC,2018,11,21,NWF,ESI,R2,E:POS_P:P01_Tr1:NWF_Tr2:ESI_DRC_R2_D:21_M:11_Y:2018,1.17,7.07,11.5,180,,,
2018-11-21,Lluís,POS,P01,DRC,2018,11,21,NWF,ESI,R3,E:POS_P:P01_Tr1:NWF_Tr2:ESI_DRC_R3_D:21_M:11_Y:2018,1.01,7.2,11.8,344,,,
2018-11-21,Lluís,POS,P01,DRC,2018,11,21,NWF,LSI,R1,E:POS_P:P01_Tr1:NWF_Tr2:LSI_DRC_R1_D:21_M:11_Y:2018,1.26,7.13,12.1,150,,,
2018-11-21,Lluís,POS,P01,DRC,2018,11,21,NWF,LSI,R2,E:POS_P:P01_Tr1:NWF_Tr2:LSI_DRC_R2_D:21_M:11_Y:2018,1.1,7.1,12.1,160,,,
2018-11-21,Lluís,POS,P01,DRC,2018,11,21,NWF,LSI,R3,E:POS_P:P01_Tr1:NWF_Tr2:LSI_DRC_R3_D:21_M:11_Y:2018,0.98,7.01,12,157,,"MME(16/01/20): pH corregit, abans 1,01",
2018-12-05,Nil Maite David,POS,P01,DRC,2018,12,5,WFL,ESI,R1,E:POS_P:P01_Tr1:WFL_Tr2:ESI_DRC_R1_D:05_M:12_Y:2018,0.88,,13,,WFL ESI 11:13,42.3,32.5
2018-12-05,Nil Maite David,POS,P01,DRC,2018,12,5,WFL,ESI,R2,E:POS_P:P01_Tr1:WFL_Tr2:ESI_DRC_R2_D:05_M:12_Y:2018,1.33,,12.9,,WFL LSI 11:11,,
2018-12-05,Nil Maite David,POS,P01,DRC,2018,12,5,WFL,ESI,R3,E:POS_P:P01_Tr1:WFL_Tr2:ESI_DRC_R3_D:05_M:12_Y:2018,1.43,,12.6,,NWF ESI 11:20,,
2018-12-05,Nil Maite David,POS,P01,DRC,2018,12,5,WFL,LSI,R1,E:POS_P:P01_Tr1:WFL_Tr2:LSI_DRC_R1_D:05_M:12_Y:2018,0.93,,13.4,,NWF LSI 11:26,35.3,29.6
2018-12-05,Nil Maite David,POS,P01,DRC,2018,12,5,WFL,LSI,R2,E:POS_P:P01_Tr1:WFL_Tr2:LSI_DRC_R2_D:05_M:12_Y:2018,0.92,,12.1,,,,
2018-12-05,Nil Maite David,POS,P01,DRC,2018,12,5,WFL,LSI,R3,E:POS_P:P01_Tr1:WFL_Tr2:LSI_DRC_R3_D:05_M:12_Y:2018,1.36,,12.5,,,,
2018-12-05,Nil Maite David,POS,P01,DRC,2018,12,5,NWF,ESI,R1,E:POS_P:P01_Tr1:NWF_Tr2:ESI_DRC_R1_D:05_M:12_Y:2018,1.27,,12.4,,,35.6,59.8
2018-12-05,Nil Maite David,POS,P01,DRC,2018,12,5,NWF,ESI,R2,E:POS_P:P01_Tr1:NWF_Tr2:ESI_DRC_R2_D:05_M:12_Y:2018,1.36,,12.4,,,,
2018-12-05,Nil Maite David,POS,P01,DRC,2018,12,5,NWF,ESI,R3,E:POS_P:P01_Tr1:NWF_Tr2:ESI_DRC_R3_D:05_M:12_Y:2018,1.09,,12.2,,,,
2018-12-05,Nil Maite David,POS,P01,DRC,2018,12,5,NWF,LSI,R1,E:POS_P:P01_Tr1:NWF_Tr2:LSI_DRC_R1_D:05_M:12_Y:2018,1.15,,12.5,,,33.3,51.2
2018-12-05,Nil Maite David,POS,P01,DRC,2018,12,5,NWF,LSI,R2,E:POS_P:P01_Tr1:NWF_Tr2:LSI_DRC_R2_D:05_M:12_Y:2018,1.18,,12.4,,,,
2018-12-05,Nil Maite David,POS,P01,DRC,2018,12,5,NWF,LSI,R3,E:POS_P:P01_Tr1:NWF_Tr2:LSI_DRC_R3_D:05_M:12_Y:2018,1,,12.3,,,,
2018-12-20,David,POS,P01,DRC,2018,12,20,WFL,ESI,R1,E:POS_P:P01_Tr1:WFL_Tr2:ESI_DRC_R1_D:20_M:12_Y:2018,,,,,,39.2,76.2
2018-12-20,David,POS,P01,DRC,2018,12,20,WFL,ESI,R2,E:POS_P:P01_Tr1:WFL_Tr2:ESI_DRC_R2_D:20_M:12_Y:2018,,,,,,,
2018-12-20,David,POS,P01,DRC,2018,12,20,WFL,ESI,R3,E:POS_P:P01_Tr1:WFL_Tr2:ESI_DRC_R3_D:20_M:12_Y:2018,,,,,,,
2018-12-20,David,POS,P01,DRC,2018,12,20,WFL,LSI,R1,E:POS_P:P01_Tr1:WFL_Tr2:LSI_DRC_R1_D:20_M:12_Y:2018,,,,,,34.7,93.3
2018-12-20,David,POS,P01,DRC,2018,12,20,WFL,LSI,R2,E:POS_P:P01_Tr1:WFL_Tr2:LSI_DRC_R2_D:20_M:12_Y:2018,,,,,,,
2018-12-20,David,POS,P01,DRC,2018,12,20,WFL,LSI,R3,E:POS_P:P01_Tr1:WFL_Tr2:LSI_DRC_R3_D:20_M:12_Y:2018,,,,,,,
2018-12-20,David,POS,P01,DRC,2018,12,20,NWF,ESI,R1,E:POS_P:P01_Tr1:NWF_Tr2:ESI_DRC_R1_D:20_M:12_Y:2018,,,,,,35.7,89.6
2018-12-20,David,POS,P01,DRC,2018,12,20,NWF,ESI,R2,E:POS_P:P01_Tr1:NWF_Tr2:ESI_DRC_R2_D:20_M:12_Y:2018,,,,,,,
2018-12-20,David,POS,P01,DRC,2018,12,20,NWF,ESI,R3,E:POS_P:P01_Tr1:NWF_Tr2:ESI_DRC_R3_D:20_M:12_Y:2018,,,,,,,
2018-12-20,David,POS,P01,DRC,2018,12,20,NWF,LSI,R1,E:POS_P:P01_Tr1:NWF_Tr2:LSI_DRC_R1_D:20_M:12_Y:2018,,,,,NWF LSI 11:06 SEC!,35.7,89.6
2018-12-20,David,POS,P01,DRC,2018,12,20,NWF,LSI,R2,E:POS_P:P01_Tr1:NWF_Tr2:LSI_DRC_R2_D:20_M:12_Y:2018,,,,,,,
2018-12-20,David,POS,P01,DRC,2018,12,20,NWF,LSI,R3,E:POS_P:P01_Tr1:NWF_Tr2:LSI_DRC_R3_D:20_M:12_Y:2018,,,,,,,
2019-02-14,MARIA LLUIS,POS,P01,DRC,2019,2,14,WFL,ESI,L1,E:POS_P:P01_Tr1:WFL_Tr2:ESI_DRC_L1_D:14_M:02_Y:2019,0.76,,12.7,,sec,,
2019-02-14,MARIA LLUIS,POS,P01,DRC,2019,2,14,WFL,ESI,L2,E:POS_P:P01_Tr1:WFL_Tr2:ESI_DRC_L2_D:14_M:02_Y:2019,0.68,,12,,,,
2019-02-14,MARIA LLUIS,POS,P01,DRC,2019,2,14,WFL,ESI,L3,E:POS_P:P01_Tr1:WFL_Tr2:ESI_DRC_L3_D:14_M:02_Y:2019,0.63,,10.8,,,,
2019-02-14,MARIA LLUIS,POS,P01,DRC,2019,2,14,WFL,LSI,L1,E:POS_P:P01_Tr1:WFL_Tr2:LSI_DRC_L1_D:14_M:02_Y:2019,0.66,,12.5,,sec,,
2019-02-14,MARIA LLUIS,POS,P01,DRC,2019,2,14,WFL,LSI,L2,E:POS_P:P01_Tr1:WFL_Tr2:LSI_DRC_L2_D:14_M:02_Y:2019,1,,12.8,,,,
2019-02-14,MARIA LLUIS,POS,P01,DRC,2019,2,14,WFL,LSI,L3,E:POS_P:P01_Tr1:WFL_Tr2:LSI_DRC_L3_D:14_M:02_Y:2019,1.1,,12,,,,
2019-02-14,MARIA LLUIS,POS,P01,DRC,2019,2,14,NWF,ESI,L1,E:POS_P:P01_Tr1:NWF_Tr2:ESI_DRC_L1_D:14_M:02_Y:2019,1.13,,12.5,,sec,,
2019-02-14,MARIA LLUIS,POS,P01,DRC,2019,2,14,NWF,ESI,L2,E:POS_P:P01_Tr1:NWF_Tr2:ESI_DRC_L2_D:14_M:02_Y:2019,1.09,,12.8,,,,
2019-02-14,MARIA LLUIS,POS,P01,DRC,2019,2,14,NWF,ESI,L3,E:POS_P:P01_Tr1:NWF_Tr2:ESI_DRC_L3_D:14_M:02_Y:2019,0.48,,15.4,,,,
2019-02-14,MARIA LLUIS,POS,P01,DRC,2019,2,14,NWF,LSI,L1,E:POS_P:P01_Tr1:NWF_Tr2:LSI_DRC_L1_D:14_M:02_Y:2019,1.02,,12.7,,sec,,
2019-02-14,MARIA LLUIS,POS,P01,DRC,2019,2,14,NWF,LSI,L2,E:POS_P:P01_Tr1:NWF_Tr2:LSI_DRC_L2_D:14_M:02_Y:2019,0.96,,12.7,,,,
2019-02-14,MARIA LLUIS,POS,P01,DRC,2019,2,14,NWF,LSI,L3,E:POS_P:P01_Tr1:NWF_Tr2:LSI_DRC_L3_D:14_M:02_Y:2019,1,,11.1,,,,
2019-04-02,MARIA LLUIS,POS,P01,DRC,2019,4,2,WFL,ESI,L1,E:POS_P:P01_Tr1:WFL_Tr2:ESI_DRC_L1_D:02_M:04_Y:2019,0.45,,15.5,,sec,,
2019-04-02,MARIA LLUIS,POS,P01,DRC,2019,4,2,WFL,ESI,L2,E:POS_P:P01_Tr1:WFL_Tr2:ESI_DRC_L2_D:02_M:04_Y:2019,0.66,,14.8,,,,
2019-04-02,MARIA LLUIS,POS,P01,DRC,2019,4,2,WFL,ESI,L3,E:POS_P:P01_Tr1:WFL_Tr2:ESI_DRC_L3_D:02_M:04_Y:2019,0.4,,14.6,,,,
2019-04-02,MARIA LLUIS,POS,P01,DRC,2019,4,2,WFL,LSI,L1,E:POS_P:P01_Tr1:WFL_Tr2:LSI_DRC_L1_D:02_M:04_Y:2019,0.59,,14.6,,sec,,
2019-04-02,MARIA LLUIS,POS,P01,DRC,2019,4,2,WFL,LSI,L2,E:POS_P:P01_Tr1:WFL_Tr2:LSI_DRC_L2_D:02_M:04_Y:2019,0.77,,14.7,,,,
2019-04-02,MARIA LLUIS,POS,P01,DRC,2019,4,2,WFL,LSI,L3,E:POS_P:P01_Tr1:WFL_Tr2:LSI_DRC_L3_D:02_M:04_Y:2019,1.03,,14.7,,,,
2019-04-02,MARIA LLUIS,POS,P01,DRC,2019,4,2,NWF,ESI,L1,E:POS_P:P01_Tr1:NWF_Tr2:ESI_DRC_L1_D:02_M:04_Y:2019,0.49,,13.8,,sec,,
2019-04-02,MARIA LLUIS,POS,P01,DRC,2019,4,2,NWF,ESI,L2,E:POS_P:P01_Tr1:NWF_Tr2:ESI_DRC_L2_D:02_M:04_Y:2019,0.79,,14.1,,,,
2019-04-02,MARIA LLUIS,POS,P01,DRC,2019,4,2,NWF,ESI,L3,E:POS_P:P01_Tr1:NWF_Tr2:ESI_DRC_L3_D:02_M:04_Y:2019,0.92,,15.2,,,,
2019-04-02,MARIA LLUIS,POS,P01,DRC,2019,4,2,NWF,LSI,L1,E:POS_P:P01_Tr1:NWF_Tr2:LSI_DRC_L1_D:02_M:04_Y:2019,1.13,,13,,sec,,
2019-04-02,MARIA LLUIS,POS,P01,DRC,2019,4,2,NWF,LSI,L2,E:POS_P:P01_Tr1:NWF_Tr2:LSI_DRC_L2_D:02_M:04_Y:2019,0.77,,13.4,,,,
2019-04-02,MARIA LLUIS,POS,P01,DRC,2019,4,2,NWF,LSI,L3,E:POS_P:P01_Tr1:NWF_Tr2:LSI_DRC_L3_D:02_M:04_Y:2019,1.02,,13.5,,,,
